psfx,psfy
-20.61721002289845,-0.014696599959830896
-19.61721002289845,-0.00012345585313975035
-18.61721002289845,0.014932711148105862
-17.61721002289845,0.023622649324722054
-16.61721002289845,0.017004620320737216
-15.617210022898451,0.018522723029746255
-14.617210022898451,0.019308497370457717
-13.617210022898451,0.018898796313451545
-12.617210022898451,0.01633518791171541
-11.617210022898451,0.012338913408348957
-10.617210022898451,0.012166074338502026
-9.617210022898451,0.00462521883828283
-8.617210022898451,-0.007757051354771931
-7.617210022898451,0.0024276665358511267
-6.617210022898451,0.06978875749745989
-5.617210022898451,0.21199394126835586
-4.617210022898451,0.4226593818524779
-3.617210022898451,0.6653214987546336
-2.617210022898451,0.8795159972695683
-1.6172100228984512,1.0
-0.6172100228984512,0.9927439049303349
0.38278997710154883,0.8711410663939857
1.3827899771015488,0.6804306568601557
2.382789977101549,0.47372826262254053
3.382789977101549,0.29488446635418497
4.382789977101549,0.16723464815578873
5.382789977101549,0.08905839527948647
6.382789977101549,0.04072773744810985
7.382789977101549,0.004432808478741465
8.382789977101549,-0.015449644094254056
-20.55796252156398,-0.007212066745954103
-19.55796252156398,0.0036461001764209926
-18.55796252156398,0.014409775749480977
-17.55796252156398,0.020368059218522968
-16.55796252156398,0.015933636261201752
-15.55796252156398,0.017565420539448626
-14.55796252156398,0.019818865227817572
-13.55796252156398,0.021716106537777485
-12.55796252156398,0.021246449035514033
-11.55796252156398,0.018620033371714362
-10.55796252156398,0.01650439949371265
-9.55796252156398,0.0037533919171790727
-8.55796252156398,-0.010639215475887732
-7.557962521563979,0.0045858142145904675
-6.557962521563979,0.09836381658015145
-5.557962521563979,0.2788923965727837
-4.557962521563979,0.5149788527852561
-3.5579625215639794,0.7547917546275266
-2.5579625215639794,0.9349343003025548
-1.5579625215639794,1.0
-0.5579625215639794,0.9375385909933609
0.4420374784360206,0.785543093227284
1.4420374784360206,0.6055203877777764
2.4420374784360206,0.44466109198830356
3.4420374784360206,0.32148691812252467
4.442037478436021,0.23716254160590178
5.442037478436021,0.17686335501052056
6.442037478436021,0.11865390251809345
7.442037478436021,0.056442850282004145
8.44203747843602,0.011924488492844349
-21.199062771636733,-0.015871846060473132
-20.199062771636733,-0.0017571506894527118
-19.199062771636733,0.01336324495255969
-18.199062771636733,0.022181600068737584
-17.199062771636733,0.015472540948692354
-16.199062771636733,0.0166099395519924
-15.199062771636733,0.018383254223932038
-14.199062771636733,0.020387372348455546
-13.199062771636733,0.021543734107633206
-12.199062771636733,0.020184227947848715
-11.199062771636733,0.018986491046136852
-10.199062771636733,0.011649131615889192
-9.199062771636733,-0.004350728128519958
-8.199062771636733,-0.013608431280519804
-7.199062771636733,0.017964766561799364
-6.199062771636733,0.11946032486850276
-5.199062771636733,0.2948027743837392
-4.199062771636733,0.5240379804219946
-3.199062771636733,0.759225459426055
-2.199062771636733,0.935036724040582
-1.1990627716367328,1.0
-0.1990627716367328,0.9401111932934374
0.8009372283632672,0.7825809365376291
1.8009372283632672,0.5769188530457554
2.800937228363267,0.3743799363169179
3.800937228363267,0.21406703365618612
4.800937228363267,0.11139815536259222
5.800937228363267,0.05612315785737827
6.800937228363267,0.026405508238003646
7.800937228363267,0.012548155874384893
-21.01434609351355,-0.013516817933560554
-20.01434609351355,-0.0005105212312684754
-19.01434609351355,0.01283634941547833
-18.01434609351355,0.020266167671468802
-17.01434609351355,0.013555007504806912
-16.01434609351355,0.013822016998022572
-15.014346093513549,0.014613699726687296
-14.014346093513549,0.015625347692390372
-13.014346093513549,0.016319248401698756
-12.014346093513549,0.015899759293039165
-11.014346093513549,0.017457888544844036
-10.014346093513549,0.011940251619903888
-9.014346093513549,-0.0032837196568574066
-8.014346093513549,-0.00902596182961663
-7.014346093513549,0.028591207818676686
-6.014346093513549,0.13671170140126984
-5.014346093513549,0.31746236986029885
-4.014346093513549,0.5497835042594068
-3.0143460935135487,0.7832587383632765
-2.0143460935135487,0.9500989534589903
-1.0143460935135487,1.0
-0.014346093513548652,0.9225831914663052
0.9856539064864513,0.7481030919979464
1.9856539064864513,0.529075504731783
2.9856539064864513,0.3199250621533205
3.9856539064864513,0.16251050944586265
4.985653906486451,0.07088266492414232
5.985653906486451,0.030147205489453266
6.985653906486451,0.014690594394271079
-20.784031865576075,-0.013670584230731931
-19.784031865576075,0.0009948611752237206
-18.784031865576075,0.016017439607762158
-17.784031865576075,0.02407306865794813
-16.784031865576075,0.01617844096958691
-15.784031865576075,0.01437545235700408
-14.784031865576075,0.012928580997910877
-13.784031865576075,0.01208665710247621
-12.784031865576075,0.011792608731863538
-11.784031865576075,0.011983155608169201
-10.784031865576075,0.015589833072853172
-9.784031865576075,0.009623391948742954
-8.784031865576075,-0.00641723459830035
-7.784031865576075,-0.008179785829371915
-6.784031865576075,0.03847124408501172
-5.784031865576075,0.15750490303613246
-4.784031865576075,0.34886327425197267
-3.7840318655760754,0.5878872097700997
-2.7840318655760754,0.819601337200878
-1.7840318655760754,0.9731455271527838
-0.7840318655760754,1.0
0.2159681344239246,0.8968636153157783
1.2159681344239246,0.6999350693906935
2.2159681344239246,0.4663980443965031
3.2159681344239246,0.2544697808724866
4.215968134423925,0.106411285697177
5.215968134423925,0.03122258025487017
6.215968134423925,0.008620648956016408
-20.556795492519807,-0.013988507870891145
-19.556795492519807,-0.00023273261071856655
-18.556795492519807,0.013782667856482021
-17.556795492519807,0.02053639544229067
-16.556795492519807,0.011839163994559632
-15.556795492519807,0.009616402299056746
-14.556795492519807,0.008952636426468654
-13.556795492519807,0.009802619353387002
-12.556795492519807,0.011273980926157286
-11.556795492519807,0.01327909023552379
-10.556795492519807,0.015503064194637246
-9.556795492519807,0.013223554244022603
-8.556795492519807,-0.0011552657738323519
-7.556795492519807,-0.0008517230789843286
-6.556795492519807,0.04987924300565485
-5.556795492519807,0.1746742052044026
-4.556795492519807,0.37262913558763044
-3.5567954925198073,0.6155826474089575
-2.5567954925198073,0.8449364023317023
-1.5567954925198073,0.9900339555512095
-0.5567954925198073,1.0
0.4432045074801927,0.8737620479696943
1.4432045074801927,0.6548144612545046
2.4432045074801927,0.40584685763214784
3.4432045074801927,0.1887479915386198
4.443204507480193,0.04598596391671065
5.443204507480193,-0.015837419442650703
-21.08533499817742,-0.019095298175576588
-20.08533499817742,-0.0036141128175642885
-19.08533499817742,0.011662714746696477
-18.08533499817742,0.017877870727302573
-17.08533499817742,0.0056673884723049675
-16.08533499817742,0.004293260683216833
-15.08533499817742,0.007433864481840819
-14.08533499817742,0.013310901668681117
-13.08533499817742,0.016727790084496118
-12.08533499817742,0.021295545252773856
-11.08533499817742,0.028619106492073294
-10.08533499817742,0.037784471922512705
-9.08533499817742,0.03076880274000197
-8.08533499817742,0.0159414877992834
-7.085334998177419,0.027497290020996785
-6.085334998177419,0.09877575247643912
-5.085334998177419,0.24168913040316264
-4.085334998177419,0.4526327971562398
-3.0853349981774194,0.6950956255466354
-2.0853349981774194,0.9016319953831123
-1.0853349981774194,1.0
-0.08533499817741941,0.956098443136723
0.9146650018225806,0.7884510112232622
1.9146650018225806,0.548376732119073
2.9146650018225806,0.3000390697337778
3.9146650018225806,0.10554918491104075
4.914665001822581,-0.00135777258282423
-20.68746135814827,-0.01656585220023192
-19.68746135814827,-0.00225721647827571
-18.68746135814827,0.010805407922792873
-17.68746135814827,0.014706591621100327
-16.68746135814827,0.0014825970527136193
-15.68746135814827,-0.00020466063227234953
-14.68746135814827,0.0035729391365007554
-13.68746135814827,0.012236091682577476
-12.68746135814827,0.022187244636145603
-11.68746135814827,0.028833927429249895
-10.68746135814827,0.0325370497320062
-9.68746135814827,0.03314121912209358
-8.68746135814827,0.018927065557081877
-7.687461358148269,0.008817837584911684
-6.687461358148269,0.04117270034173242
-5.687461358148269,0.14548525355506184
-4.687461358148269,0.3238309410375129
-3.687461358148269,0.5548977664250468
-2.687461358148269,0.7887119528408102
-1.6874613581482691,0.9574339516294347
-0.6874613581482691,1.0
0.31253864185173086,0.9012750323258863
1.3125386418517309,0.6969031225796563
2.312538641851731,0.4466904510271294
3.312538641851731,0.2131659743610443
4.312538641851731,0.04560265344867257
5.312538641851731,-0.036063658070455896
-20.3199695422344,-0.020487237152523704
-19.3199695422344,-0.004944339598185142
-18.3199695422344,0.01011586522584491
-17.3199695422344,0.01638393823133633
-16.3199695422344,0.0045098458429513304
-15.3199695422344,0.0036183118456973554
-14.3199695422344,0.007408972985738193
-13.3199695422344,0.015488399335538115
-12.3199695422344,0.02413872234809046
-11.3199695422344,0.02938132671005988
-10.3199695422344,0.03192207834183956
-9.3199695422344,0.032214826706686454
-8.3199695422344,0.022335214541228245
-7.3199695422344,0.026643944055281827
-6.3199695422344,0.08219513261388599
-5.3199695422344,0.21222157496832814
-4.3199695422344,0.4112239313275238
-3.3199695422344,0.6481394947684268
-2.3199695422344,0.8667900110320274
-1.3199695422344,1.0
-0.3199695422344,0.9966791947497913
0.6800304577656,0.8558457091257933
1.6800304577656,0.6243974322937403
2.6800304577656,0.3669907855678474
3.6800304577656,0.14464213621742245
4.6800304577656,-0.0007648337415655596
-19.948274770376997,-0.023324046537925153
-18.948274770376997,-0.005694509756431838
-17.948274770376997,0.011925584694583656
-16.948274770376997,0.020942807195558893
-15.948274770376997,0.009907077703435371
-14.948274770376997,0.011968139261110742
-13.948274770376997,0.016702868206042904
-12.948274770376997,0.023918998107017673
-11.948274770376997,0.027465103175644
-10.948274770376997,0.02579546981354473
-9.948274770376997,0.02301726458772918
-8.948274770376997,0.022444653440864843
-7.948274770376997,0.021051010290919495
-6.948274770376997,0.04563495645500834
-5.948274770376997,0.1281604045963196
-4.948274770376997,0.28265343429743267
-3.9482747703769974,0.4936374166349274
-2.9482747703769974,0.7223213686248723
-1.9482747703769974,0.9113952757887968
-0.9482747703769974,1.0
0.05172522962300263,0.9506796327807007
1.0517252296230026,0.7756311266753584
2.0517252296230026,0.5307348815671189
3.0517252296230026,0.28192285742030393
4.051725229623003,0.08430925496133337
5.051725229623003,-0.032403699003390275
-19.679865909609163,-0.025576804340091224
-18.679865909609163,-0.0058146373298826465
-17.679865909609163,0.01596969178177321
-16.679865909609163,0.030405546287321557
-15.679865909609163,0.023928949196988937
-14.679865909609163,0.029069518523706782
-13.679865909609163,0.03313464297148416
-12.679865909609163,0.03570429078896317
-11.679865909609163,0.030684663456143235
-10.679865909609163,0.02141121292482656
-9.679865909609163,0.015606391576176451
-8.679865909609163,0.01993202952559143
-7.679865909609163,0.0313958416034893
-6.679865909609163,0.09305364995652032
-5.679865909609163,0.22449168863113975
-4.679865909609163,0.4177389693069789
-3.6798659096091626,0.638245651727806
-2.6798659096091626,0.8391551071703052
-1.6798659096091626,0.9725487132499413
-0.6798659096091626,1.0
0.3201340903908374,0.9106516103102901
1.3201340903908374,0.7353606179034601
2.3201340903908374,0.5237967374550531
3.3201340903908374,0.3171701859308731
4.320134090390837,0.14813322307515903
5.320134090390837,0.03486153663772303
6.320134090390837,-0.017485125780194295
-20.085531688477964,-0.03510430983872186
-19.085531688477964,-0.01243468179195221
-18.085531688477964,0.014620103809801542
-17.085531688477964,0.033755820419026555
-16.085531688477964,0.028418768760908264
-15.085531688477964,0.03515287136195618
-14.085531688477964,0.037552661586434354
-13.085531688477964,0.03613417015849568
-12.085531688477964,0.02750583979174401
-11.085531688477964,0.013509329313048261
-10.085531688477964,0.004293782226864524
-9.085531688477964,0.010388585495826077
-8.085531688477964,0.025026424493186955
-7.085531688477964,0.06172807288863509
-6.085531688477964,0.1458148640794124
-5.085531688477964,0.2916620053720228
-4.085531688477964,0.4889223732651964
-3.085531688477964,0.7056723610289197
-2.085531688477964,0.8941956485747536
-1.085531688477964,1.0
-0.085531688477964,0.9798764977736162
0.914468311522036,0.8314789380307314
1.914468311522036,0.5985722660565034
2.914468311522036,0.3451777326968516
3.914468311522036,0.1305242212446591
4.914468311522036,-0.0075169988330072825
-19.633748525980216,-0.030543777553901287
-18.633748525980216,-0.011157452398026974
-17.633748525980216,0.012173374233948302
-16.633748525980216,0.029609517323427363
-15.633748525980216,0.0254270383356242
-14.633748525980216,0.03451944735089157
-13.633748525980216,0.04027264050822484
-12.633748525980216,0.04204261967556903
-11.633748525980216,0.03215777027037471
-10.633748525980216,0.01375210174770523
-9.633748525980216,0.002347518528771133
-8.633748525980216,0.013249645537107595
-7.6337485259802165,0.044784084625651505
-6.6337485259802165,0.11261857552900326
-5.6337485259802165,0.23287035315351118
-4.6337485259802165,0.405996202038456
-3.6337485259802165,0.6085522846711867
-2.6337485259802165,0.8037781355169545
-1.6337485259802165,0.948590126545132
-0.6337485259802165,1.0
0.36625147401978353,0.9303437049775763
1.3662514740197835,0.7507805524495171
2.3662514740197835,0.5108595991496058
3.3662514740197835,0.27136745260845885
4.3662514740197835,0.08280885573778735
5.3662514740197835,-0.027425329058263156
-19.104084151752154,-0.022922038614845062
-18.104084151752154,-0.0022902108539341226
-17.104084151752154,0.01992635658198294
-16.104084151752154,0.03446958395782829
-15.104084151752154,0.02771800213027647
-14.104084151752154,0.03510464729997961
-13.104084151752154,0.03943410349496349
-12.104084151752154,0.040029031292657204
-11.104084151752154,0.02510974919970933
-10.104084151752154,0.0018660638501470064
-9.104084151752154,-0.007700012875887216
-8.104084151752154,0.01895942137668268
-7.104084151752154,0.08441297900315045
-6.104084151752154,0.19812722415058778
-5.104084151752154,0.3625350049289517
-4.104084151752154,0.5615715187355569
-3.1040841517521542,0.7587777492656036
-2.1040841517521542,0.9158382620104702
-1.1040841517521542,1.0
-0.10408415175215424,0.9859575857130116
0.8959158482478458,0.8652639108719977
1.8959158482478458,0.6605416278236322
2.8959158482478458,0.42287552692114966
3.8959158482478458,0.20537639857794007
4.895915848247846,0.04693455653639918
5.895915848247846,-0.03561738420938591
-18.577310139085593,-0.013883947734977933
-17.577310139085593,0.0038045231970075585
-16.577310139085593,0.022351371042479258
-15.577310139085593,0.03426691068259088
-14.577310139085593,0.03143056474936519
-13.577310139085593,0.04084684367474525
-12.577310139085593,0.04386866154085783
-11.577310139085593,0.03847214799968014
-10.577310139085593,0.010811748659842465
-9.577310139085593,-0.021223914980333308
-8.577310139085593,-0.024229196157487153
-7.5773101390855935,0.029872991576150042
-6.5773101390855935,0.15281359895543217
-5.5773101390855935,0.32933804526989496
-4.5773101390855935,0.5371419174840127
-3.5773101390855935,0.7428118343430085
-2.5773101390855935,0.9043757419806879
-1.5773101390855935,0.9937480654955849
-0.5773101390855935,1.0
0.4226898609144065,0.923046774946921
1.4226898609144065,0.7753230907693028
2.4226898609144065,0.578804394653756
3.4226898609144065,0.3669758837124692
4.4226898609144065,0.1774895837978122
5.4226898609144065,0.037323908495190315
6.4226898609144065,-0.038761094520114496
-18.780858584410094,-0.01709245424563659
-17.780858584410094,0.003770173297404072
-16.780858584410094,0.026262318578688236
-15.780858584410094,0.04243122124123257
-14.780858584410094,0.03929766937475748
-13.780858584410094,0.04722134012213064
-12.780858584410094,0.048326789468161664
-11.780858584410094,0.03062756171096277
-10.780858584410094,0.011616646260413374
-9.780858584410094,0.0018523236539579873
-8.780858584410094,0.020995393576420763
-7.780858584410094,0.08865087757223036
-6.780858584410094,0.21497300796412688
-5.780858584410094,0.37506835196802096
-4.780858584410094,0.5507280164168122
-3.780858584410094,0.7200900939166587
-2.780858584410094,0.8640192159600538
-1.780858584410094,0.9642932493005589
-0.7808585844100939,1.0
0.21914141558990607,0.9626088789280627
1.219141415589906,0.853054478730794
2.219141415589906,0.680182806223435
3.219141415589906,0.469915298026388
4.219141415589906,0.2630166222011895
5.219141415589906,0.10220958213527073
6.219141415589906,0.018040456330394892
-18.186331186011223,-0.009543229355065321
-17.186331186011223,0.0034772353468390154
-16.186331186011223,0.017692997813671913
-15.186331186011223,0.028409557812133883
-14.186331186011223,0.028169091644259864
-13.186331186011223,0.03262139949749322
-12.186331186011223,0.033200627982937214
-11.186331186011223,0.03219576894964487
-10.186331186011223,0.014957635637722226
-9.186331186011223,-0.01446838388128378
-8.186331186011223,-0.024941666321888704
-7.186331186011223,0.01996260546594145
-6.186331186011223,0.14288242361146844
-5.186331186011223,0.3340498841472806
-4.186331186011223,0.5693296211622205
-3.1863311860112233,0.7982810845950042
-2.1863311860112233,0.9561131357087777
-1.1863311860112233,1.0
-0.18633118601122334,0.928320154426509
0.8136688139887767,0.7700192931170854
1.8136688139887767,0.5695935840161503
2.8136688139887767,0.3731435090556699
3.8136688139887767,0.21664411604254052
4.813668813988777,0.11495786379413452
5.813668813988777,0.06006880109538978
-17.577426081225386,-0.012294708706876122
-16.577426081225386,-0.003161201227578119
-15.577426081225386,0.009502955075288684
-14.577426081225386,0.021645037233751347
-13.577426081225386,0.025793255970785547
-12.577426081225386,0.030981577910414962
-11.577426081225386,0.031560004521303094
-10.577426081225386,0.03010195690341881
-9.577426081225386,0.011277949488293476
-8.577426081225386,-0.01720904562178906
-7.577426081225386,-0.018823219014851393
-6.577426081225386,0.04476624277055631
-5.577426081225386,0.19226884511696685
-4.577426081225386,0.41020038373735224
-3.5774260812253864,0.6606847545492365
-2.5774260812253864,0.880813948563078
-1.5774260812253864,1.0
-0.5774260812253864,0.980669217773525
0.4225739187746136,0.8377425867300182
1.4225739187746136,0.620530451094637
2.4225739187746136,0.3901589619900785
3.4225739187746136,0.20147043518863605
4.422573918774614,0.08582003618034086
-17.26754589839013,-0.0172068698929561
-16.26754589839013,-0.0064318987781960425
-15.267545898390129,0.008946170986467739
-14.267545898390129,0.02345712978188383
-13.267545898390129,0.026577862455437033
-12.267545898390129,0.02899313563560122
-11.267545898390129,0.026785149665104757
-10.267545898390129,0.019225369334926225
-9.267545898390129,0.005999126319802899
-8.267545898390129,-0.013950059916061651
-7.267545898390129,-0.00671860057026695
-6.267545898390129,0.06516662989215498
-5.267545898390129,0.21908849439112169
-4.267545898390129,0.44179065870137413
-3.2675458983901287,0.6906302768277232
-2.2675458983901287,0.8995089707829321
-1.2675458983901287,1.0
-0.26754589839012866,0.9530158607252167
0.7324541016098713,0.7766996131866877
1.7324541016098713,0.5321110711993823
2.7324541016098713,0.28968292576568194
3.7324541016098713,0.10887230588408724
4.732454101609871,0.018756966663748174
-16.95051282390893,-0.01314499535957428
-15.95051282390893,-0.004049981937941488
-14.95051282390893,0.008917366973804502
-13.95051282390893,0.021229808639669303
-12.95051282390893,0.023407631370742307
-11.95051282390893,0.022993226622814632
-10.95051282390893,0.019228025761315708
-9.95051282390893,0.009798815707957603
-8.95051282390893,-0.0061849721407805855
-7.95051282390893,-0.02089999328373535
-6.95051282390893,0.002759867128612483
-5.95051282390893,0.09712320364840722
-4.95051282390893,0.27990692600192685
-3.95051282390893,0.5226042233595418
-2.95051282390893,0.7687752615967942
-1.9505128239089302,0.9476512740583413
-0.9505128239089302,1.0
0.049487176091069784,0.9071038436304673
1.0494871760910698,0.7018541651233378
2.04948717609107,0.45166884285041503
3.04948717609107,0.2262001163752681
4.04948717609107,0.07126417719577767
5.04948717609107,0.0018342364024291266
-17.63205252985244,-0.014500477467663772
-16.63205252985244,-0.0032478765764091667
-15.63205252985244,0.011235553123340465
-14.63205252985244,0.023248086952787
-13.63205252985244,0.024435962228851502
-12.63205252985244,0.025082646661873667
-11.63205252985244,0.020094354827919648
-10.63205252985244,0.01292030065653228
-9.63205252985244,0.0027929279928318018
-8.63205252985244,-0.018461491671316665
-7.632052529852441,-0.026187273847214396
-6.632052529852441,0.01969424040960633
-5.632052529852441,0.146303831350309
-4.632052529852441,0.3513729553216949
-3.632052529852441,0.6029766833255694
-2.632052529852441,0.8404917692172467
-1.6320525298524409,0.9910152015360133
-0.6320525298524409,1.0
0.36794747014755913,0.8648597945168458
1.3679474701475591,0.6356314060185412
2.367947470147559,0.3829574631585969
3.367947470147559,0.1713412676450163
4.367947470147559,0.04292464235971221
-17.34094428317212,-0.00998367330313574
-16.34094428317212,-0.0032479505182836177
-15.34094428317212,0.00570711885124331
-14.34094428317212,0.013521984713083118
-13.34094428317212,0.015870132733827588
-12.34094428317212,0.017331182566489075
-11.34094428317212,0.014027663541815437
-10.34094428317212,0.008404064504041369
-9.34094428317212,-0.0003479355645907088
-8.34094428317212,-0.017562526219508802
-7.340944283172121,-0.012653640847340945
-6.340944283172121,0.05371218059413272
-5.340944283172121,0.2025417494462703
-4.340944283172121,0.4222409612438737
-3.3409442831721208,0.6719855972967017
-2.3409442831721208,0.8875735226555956
-1.3409442831721208,1.0
-0.3409442831721208,0.9666759768632622
0.6590557168278792,0.8006146401586697
1.6590557168278792,0.5608992655468804
2.6590557168278792,0.3180461701263086
3.6590557168278792,0.12947677029600652
4.659055716827879,0.025042012138393816
-16.987278828676857,-0.006511978477446876
-15.987278828676857,-0.0029332441427626426
-14.987278828676857,0.002269135285469418
-13.987278828676857,0.007792749574806642
-12.987278828676857,0.01090449550232375
-11.987278828676857,0.011829985234579853
-10.987278828676857,0.0077897897568275365
-9.987278828676857,0.0009552462368259964
-8.987278828676857,-0.006992419067409418
-7.987278828676857,-0.015374340934031835
-6.987278828676857,0.010390979260304408
-5.987278828676857,0.10522043706499122
-4.987278828676857,0.279967037586783
-3.987278828676857,0.5128430653895054
-2.987278828676857,0.7532675609653874
-1.9872788286768568,0.9358553826446986
-0.9872788286768568,1.0
0.01272117132314321,0.9190084433982711
1.0127211713231432,0.7214034139682794
2.012721171323143,0.4734934461959231
3.012721171323143,0.24341027165057336
4.012721171323143,0.07998410858773035
5.012721171323143,0.0012209936848378978
-16.605221829706384,-0.0021472500206990543
-15.605221829706384,-0.0024456309483424686
-14.605221829706384,-0.0019870818552579755
-13.605221829706384,0.0005903882021109104
-12.605221829706384,0.00486673486405326
-11.605221829706384,0.005178877307806639
-10.605221829706384,0.0006079522199273936
-9.605221829706384,-0.007081014885589445
-8.605221829706384,-0.012960423502254232
-7.605221829706384,-0.008196489196965483
-6.605221829706384,0.04369725429617811
-5.605221829706384,0.17132212721010515
-4.605221829706384,0.37385491668090576
-3.605221829706384,0.6170217197002331
-2.605221829706384,0.8427999725653474
-1.6052218297063838,0.9868853548763014
-0.6052218297063838,1.0
0.39477817029361617,0.8734423919205871
1.3947781702936162,0.6486121926224385
2.394778170293616,0.3948976937883612
3.394778170293616,0.175479522435909
4.394778170293616,0.029995116904968967
-17.09663227412884,-0.007201738275206724
-16.09663227412884,-0.004841289713370834
-15.09663227412884,-0.0012374289826215868
-14.09663227412884,0.003722453052380028
-13.09663227412884,0.006305883400751785
-12.09663227412884,0.005208012567288201
-11.09663227412884,-0.007780872323033858
-10.09663227412884,-0.006561451577929987
-9.09663227412884,0.015291694422070748
-8.09663227412884,0.04544956953783683
-7.09663227412884,0.09630485020317209
-6.09663227412884,0.1912790149386349
-5.09663227412884,0.33969885222651425
-4.09663227412884,0.5284913537910337
-3.09663227412884,0.7287986240444349
-2.09663227412884,0.9032839540833498
-1.0966322741288401,1.0
-0.09663227412884012,0.9726633758451362
0.9033677258711599,0.8213728981220311
1.9033677258711599,0.5920747703937216
2.90336772587116,0.34558020566913067
3.90336772587116,0.13719275465370054
4.90336772587116,0.006340595190666021
-16.9691966637121,-0.0024420038404153574
-15.9691966637121,-0.0013537574450956924
-14.9691966637121,-0.00023105849109497276
-13.9691966637121,0.001619118186335798
-12.9691966637121,0.004704369756458355
-11.9691966637121,0.0061086619478753785
-10.9691966637121,0.0016822808960602013
-9.9691966637121,-0.004760463835455337
-8.9691966637121,-0.0092943069423379
-7.969196663712101,-0.008861253281833464
-6.969196663712101,0.025403581722334447
-5.969196663712101,0.12490011453477902
-4.969196663712101,0.29917469072638825
-3.9691966637121006,0.5261418834519576
-2.9691966637121006,0.7580482999681719
-1.9691966637121006,0.9347067890050391
-0.9691966637121006,1.0
0.03080333628789944,0.9273146570051871
1.0308033362878994,0.7386356934039972
2.0308033362878994,0.4944014434197882
3.0308033362878994,0.2607262074298405
4.030803336287899,0.08683080035934285
5.030803336287899,-0.006917791302955106
-16.811316914480592,-0.004813360354500948
-15.811316914480592,0.002066135718136618
-14.811316914480592,0.00860079498718508
-13.811316914480592,0.012427245363994966
-12.811316914480592,0.010434412553517965
-11.811316914480592,0.007900954503795585
-10.811316914480592,0.0012347235043858357
-9.811316914480592,-0.005418624369605873
-8.811316914480592,-0.009208995435077165
-7.811316914480592,0.0004836263505269625
-6.811316914480592,0.048603824349122686
-5.811316914480592,0.1611683952591761
-4.811316914480592,0.34309736090876014
-3.8113169144805923,0.569930488741144
-2.8113169144805923,0.7931126720386653
-1.8113169144805923,0.9535686436809184
-0.8113169144805923,1.0
0.1886830855194077,0.9137321359509832
1.1886830855194077,0.7200841546780784
2.1886830855194077,0.4776963475028393
3.1886830855194077,0.2505247669304064
4.188683085519408,0.08463133709517476
5.188683085519408,-0.0025584373191146386
-16.62822236766771,-0.009160068862951126
-15.62822236766771,0.0017956440517002221
-14.62822236766771,0.013233457635446635
-13.62822236766771,0.020544612636868246
-12.62822236766771,0.016932627061873012
-11.62822236766771,0.012086293748122742
-10.62822236766771,0.003970605107410882
-9.62822236766771,-0.003607756699036665
-8.62822236766771,-0.007044057661006937
-7.628222367667711,0.006989872704122722
-6.628222367667711,0.06514611542924197
-5.628222367667711,0.19042718996313288
-4.628222367667711,0.3825916097458211
-3.6282223676677106,0.6128987455639446
-2.6282223676677106,0.8306374600561124
-1.6282223676677106,0.9756850521600408
-0.6282223676677106,1.0
0.37177763233228944,0.8924378943731215
1.3717776323322894,0.6867858165827448
2.3717776323322894,0.4437800031706167
3.3717776323322894,0.22482560958310968
4.371777632332289,0.07119633040354635
5.371777632332289,-0.003590596446063407
-16.47780164727441,-0.00669127868742049
-15.477801647274411,0.0030852728587685905
-14.477801647274411,0.01354220847039372
-13.477801647274411,0.020848265172427084
-12.477801647274411,0.018064775865694493
-11.477801647274411,0.012845349782510633
-10.477801647274411,0.005075106898802982
-9.477801647274411,-0.0037359136369823323
-8.477801647274411,-0.009364871307599077
-7.477801647274411,0.00621289511442211
-6.477801647274411,0.07129130404183862
-5.477801647274411,0.2178590754791503
-4.477801647274411,0.43440612704286213
-3.4778016472744113,0.6759910855077388
-2.4778016472744113,0.8843878567325645
-1.4778016472744113,1.0
-0.4778016472744113,0.9850687163428973
0.5221983527255887,0.8447959617774748
1.5221983527255887,0.6269960822818426
2.5221983527255887,0.3987543468358944
3.5221983527255887,0.21109774384526783
4.522198352725589,0.0877877000230527
5.522198352725589,0.03201505692322894
-17.36364726157917,-0.01460957873674126
-16.36364726157917,-0.0009849588286246222
-15.363647261579171,0.01492494386696952
-14.363647261579171,0.026416923581975033
-13.363647261579171,0.024914257191822272
-12.363647261579171,0.024406915616684975
-11.363647261579171,0.017794201902695685
-10.363647261579171,0.008286990767268519
-9.363647261579171,-0.0041294686130812445
-8.363647261579171,-0.014384220866311921
-7.363647261579171,-0.0008706551509073773
-6.363647261579171,0.06993685452814155
-5.363647261579171,0.21690766349868074
-4.363647261579171,0.42986180387295175
-3.363647261579171,0.6720525917548786
-2.363647261579171,0.8837379928623113
-1.363647261579171,1.0
-0.36364726157917104,0.9791254345629382
0.636352738420829,0.8270476988637361
1.636352738420829,0.5939936775559939
2.636352738420829,0.3485095001518525
3.636352738420829,0.15057233608400186
4.636352738420829,0.03482452150400613
-17.22819278598892,-0.015709414276008502
-16.22819278598892,-0.00466746705164153
-15.22819278598892,0.010158938786345072
-14.22819278598892,0.02373141369071897
-13.22819278598892,0.02687279640957747
-12.22819278598892,0.030686952371965014
-11.22819278598892,0.026385621506280498
-10.22819278598892,0.015334186201250816
-9.22819278598892,-0.002609303944929912
-8.22819278598892,-0.018133754154642655
-7.22819278598892,-0.0034957281221782415
-6.22819278598892,0.07603424733228095
-5.22819278598892,0.23567239914351504
-4.22819278598892,0.45966598828901023
-3.22819278598892,0.7042652838018593
-2.22819278598892,0.9055640325650581
-1.2281927859889201,1.0
-0.22819278598892012,0.9532321996924285
0.7718072140110799,0.7808190021752811
1.7718072140110799,0.5392965671784885
2.77180721401108,0.29858525108584555
3.77180721401108,0.11593519647768852
4.77180721401108,0.02022012714080716
-17.00978034398822,-0.01537904708484999
-16.00978034398822,-0.0031518686498066472
-15.009780343988218,0.01344067442296585
-14.009780343988218,0.028561276211192546
-13.009780343988218,0.03175558168924604
-12.009780343988218,0.034394829585173085
-11.009780343988218,0.026933995013082863
-10.009780343988218,0.010915006164424717
-9.009780343988218,-0.010790241154456167
-8.009780343988218,-0.022549207959331605
-7.0097803439882185,0.006291052017949039
-6.0097803439882185,0.10744709736553794
-5.0097803439882185,0.2886559099487276
-4.0097803439882185,0.5254605797281078
-3.0097803439882185,0.7647161646359861
-2.0097803439882185,0.9416935173272792
-1.0097803439882185,1.0
-0.009780343988218476,0.918244197682752
0.9902196560117815,0.7240210582298854
1.9902196560117815,0.47781923438249485
2.9902196560117815,0.2488626619240802
3.9902196560117815,0.0878875112508663
4.9902196560117815,0.014030776888941214
-16.67471913104923,-0.011957291822064455
-15.67471913104923,0.0010944956177305642
-14.67471913104923,0.017683532159456554
-13.67471913104923,0.03183506177460621
-12.67471913104923,0.0327177450402758
-11.67471913104923,0.031831039143343474
-10.67471913104923,0.020074913740621775
-9.67471913104923,-0.00024885924554026356
-8.67471913104923,-0.02138584261872868
-7.67471913104923,-0.020886398228716373
-6.67471913104923,0.033657459740255156
-5.67471913104923,0.16779851296984222
-4.67471913104923,0.3777115460744791
-3.6747191310492298,0.6266593468294291
-2.6747191310492298,0.8532451381816686
-1.6747191310492298,0.9923215696894842
-0.6747191310492298,1.0
0.32528086895077024,0.8739212550893808
1.3252808689507702,0.655264798387109
2.3252808689507702,0.4059710027226694
3.3252808689507702,0.190416332586689
4.32528086895077,0.05144273724553071
-17.21764289212013,-0.016238016815169936
-16.21764289212013,0.004501129772899614
-15.217642892120129,0.027627594357346952
-14.217642892120129,0.0431832739839055
-13.217642892120129,0.03568358739125838
-12.217642892120129,0.026493516725179685
-11.217642892120129,0.01375859744687125
-10.217642892120129,0.006692845964612519
-9.217642892120129,0.008741700460251831
-8.217642892120129,0.02500381303158987
-7.2176428921201286,0.06503981321535185
-6.2176428921201286,0.15516154977665478
-5.2176428921201286,0.3079398677087653
-4.2176428921201286,0.5107326399675246
-3.2176428921201286,0.7289425970414787
-2.2176428921201286,0.9109062402562156
-1.2176428921201286,1.0
-0.21764289212012855,0.9613843661421871
0.7823571078798714,0.8017248973536764
1.7823571078798714,0.5680547188923177
2.7823571078798714,0.3296254315970236
3.7823571078798714,0.1465162507573911
4.7823571078798714,0.05337661619518067
-16.779450151779606,-0.004359397889819836
-15.779450151779606,0.011615355497706436
-14.779450151779606,0.026743741983680222
-13.779450151779606,0.03481359427732409
-12.779450151779606,0.028292811472329628
-11.779450151779606,0.02579877640270881
-10.779450151779606,0.010878364035070313
-9.779450151779606,-0.008040531865244492
-8.779450151779606,-0.018794310511121577
-7.779450151779606,-0.0035169105115979648
-6.779450151779606,0.057889649328793424
-5.779450151779606,0.1900424161395738
-4.779450151779606,0.3930049802360688
-3.7794501517796064,0.6324982592842745
-2.7794501517796064,0.8492676870865915
-1.7794501517796064,0.9846189181995967
-0.7794501517796064,1.0
0.22054984822039359,0.8873334256861742
1.2205498482203936,0.6787146784513096
2.2205498482203936,0.4363032033568037
3.2205498482203936,0.22707714749175253
4.220549848220394,0.09271085581146767
-16.234088610382717,-0.002171296076249426
-15.234088610382717,0.01145363626833181
-14.234088610382717,0.025210823933436547
-13.234088610382717,0.03429878236746113
-12.234088610382717,0.03051074719913694
-11.234088610382717,0.025965731127589906
-10.234088610382717,0.005653476208868859
-9.234088610382717,-0.015787336469378573
-8.234088610382717,-0.017343960740679332
-7.234088610382717,0.02373656927826197
-6.234088610382717,0.13210721798998337
-5.234088610382717,0.30962271330505753
-4.234088610382717,0.5361459302692332
-3.2340886103827167,0.7644592999717527
-2.2340886103827167,0.9341231458767744
-1.2340886103827167,1.0
-0.23408861038271667,0.9465638272822434
0.7659113896172833,0.7874449058471211
1.7659113896172833,0.566185758462656
2.7659113896172833,0.33998710795895964
3.7659113896172833,0.16108618210164316
4.765911389617283,0.05776627118241864
-15.612138806941493,0.001448205803499985
-14.612138806941493,0.012274107627543135
-13.612138806941493,0.02353280493594312
-12.612138806941493,0.030142955807391087
-11.612138806941493,0.023404499825456584
-10.612138806941493,0.01198131519792249
-9.612138806941493,-0.011677905278863027
-8.612138806941493,-0.026344115115782357
-7.612138806941493,-0.003989795331267193
-6.612138806941493,0.0780315833824505
-5.612138806941493,0.23402327531908293
-4.612138806941493,0.4479634266085266
-3.612138806941493,0.6835063362310776
-2.612138806941493,0.8858444772989976
-1.612138806941493,1.0
-0.612138806941493,0.9970874332421388
0.38786119305850697,0.8817840553992125
1.387861193058507,0.6832139210234027
2.387861193058507,0.44908936144363537
3.387861193058507,0.23606973429144182
4.387861193058507,0.0815493490703492
5.387861193058507,0.001528105847959751
-15.093536625738368,0.009068845627622918
-14.093536625738368,0.016006705244369982
-13.093536625738368,0.02677143153017726
-12.093536625738368,0.02787159100333419
-11.093536625738368,0.012071450584484125
-10.093536625738368,-0.01280307055424842
-9.093536625738368,-0.039199253519267764
-8.093536625738368,-0.03702756674377688
-7.093536625738368,0.023536624673393344
-6.093536625738368,0.15401711609961155
-5.093536625738368,0.36177803325122837
-4.093536625738368,0.6000526003995743
-3.093536625738368,0.8145232999033967
-2.093536625738368,0.9592638698293655
-1.093536625738368,1.0
-0.09353662573836807,0.9324681183348441
0.9064633742616319,0.7812332881565395
1.906463374261632,0.5847217265231582
2.906463374261632,0.38396633723561974
3.906463374261632,0.20426081727071033
4.906463374261632,0.0593993587263203
5.906463374261632,-0.026065611613625948
-15.585756031772897,0.007412155426190103
-14.585756031772897,0.016660698134062086
-13.585756031772897,0.024338506525652025
-12.585756031772897,0.02718860810213758
-11.585756031772897,0.019529536130177026
-10.585756031772897,0.0009111520772149851
-9.585756031772897,-0.031096406820083595
-8.585756031772897,-0.05132268005249419
-7.585756031772897,-0.026025291230406894
-6.585756031772897,0.07016630985759394
-5.585756031772897,0.23958687336674842
-4.585756031772897,0.4627557195559646
-3.585756031772897,0.6997932410101569
-2.585756031772897,0.8957475112425155
-1.5857560317728971,1.0
-0.5857560317728971,0.9914003697045441
0.41424396822710285,0.8800477044608432
1.4142439682271029,0.6946765669927533
2.414243968227103,0.47375097234915986
3.414243968227103,0.259969739241965
4.414243968227103,0.09197919507334942
5.414243968227103,-0.012038576847830145
-15.346993417892008,-0.0006304916377590997
-14.346993417892008,0.007424391754569987
-13.346993417892008,0.01678985730313954
-12.346993417892008,0.024895073029025588
-11.346993417892008,0.023832173434846962
-10.346993417892008,0.008258388615100472
-9.346993417892008,-0.01693808623224145
-8.346993417892008,-0.03416311566707514
-7.346993417892008,-0.011249466361285987
-6.346993417892008,0.07958597712244893
-5.346993417892008,0.2466900705675194
-4.346993417892008,0.47329601461025056
-3.3469934178920084,0.7142686221655168
-2.3469934178920084,0.9074187039769473
-1.3469934178920084,1.0
-0.34699341789200844,0.9691042998210032
0.6530065821079916,0.8276268129622332
1.6530065821079916,0.6160560250705518
2.6530065821079916,0.38634003258325605
3.6530065821079916,0.1857342421782338
4.653006582107992,0.04715187986655882
5.653006582107992,-0.025050307755020283
-15.071094548963188,0.00013053969812303604
-14.071094548963188,0.00697307600017947
-13.071094548963188,0.015244612354991593
-12.071094548963188,0.02367726617456141
-11.071094548963188,0.022837608177573975
-10.071094548963188,0.0055805134418868306
-9.071094548963188,-0.020409836326429762
-8.071094548963188,-0.03330296896676096
-7.071094548963188,0.00018508308284685592
-6.071094548963188,0.10620573824615417
-5.071094548963188,0.2903609521231587
-4.071094548963188,0.5291401462006554
-3.0710945489631882,0.7683617485038865
-2.0710945489631882,0.9414360672536534
-1.0710945489631882,1.0
-0.07109454896318823,0.9316267544485586
0.9289054510368118,0.7594991174984791
1.9289054510368118,0.5335796848906009
2.9289054510368118,0.31093600599706833
3.9289054510368118,0.13564118948766563
4.928905451036812,0.027020751926382054
5.928905451036812,-0.022864006501585685
-14.79839985320413,0.0028043700059414392
-13.79839985320413,0.008087172536364288
-12.79839985320413,0.01455217717347474
-11.79839985320413,0.02077495789312813
-10.79839985320413,0.016854354825715238
-9.79839985320413,-0.003952003636560435
-8.79839985320413,-0.027909552803194612
-7.798399853204129,-0.029497050016232235
-6.798399853204129,0.023008755271956977
-5.798399853204129,0.15146469964741782
-4.798399853204129,0.355290073523472
-3.7983998532041294,0.6022695719356491
-2.7983998532041294,0.8314188649520808
-1.7983998532041294,0.9773238379010992
-0.7983998532041294,1.0
0.20160014679587057,0.8975878968577472
1.2016001467958706,0.7029668725497897
2.2016001467958706,0.47204142979228897
3.2016001467958706,0.2615742028048154
4.201600146795871,0.10872624908033747
5.201600146795871,0.019715472222812478
6.201600146795871,-0.01948492677873312
-15.445926987184382,0.0017904330111005
-14.445926987184382,0.01062860349040444
-13.445926987184382,0.020034299165560956
-12.445926987184382,0.024593018393870136
-11.445926987184382,0.004603315658323048
-10.445926987184382,-0.007669329138592665
-9.445926987184382,-0.006813942389778718
-8.445926987184382,0.013853246787831076
-7.445926987184382,0.07030562737180095
-6.445926987184382,0.17556898450226824
-5.445926987184382,0.33225482303191534
-4.445926987184382,0.5269039295752699
-3.4459269871843823,0.727725136581781
-2.4459269871843823,0.8992878884544407
-1.4459269871843823,1.0
-0.4459269871843823,0.9950534373087389
0.5540730128156177,0.8827612073751484
1.5540730128156177,0.6927897339088261
2.5540730128156177,0.4718273774063227
3.5540730128156177,0.26790353821967117
4.554073012815618,0.11394381053496537
5.554073012815618,0.028421118788436547
-15.348435523751592,0.010184642561436573
-14.348435523751592,0.012336024677016898
-13.348435523751592,0.01353066599147825
-12.348435523751592,0.013122394229697633
-11.348435523751592,0.008777034970965955
-10.348435523751592,-0.007211727124086553
-9.348435523751592,-0.028695220812024202
-8.348435523751592,-0.03648428130553097
-7.348435523751592,-0.0016957613587971283
-6.348435523751592,0.0991466943120187
-5.348435523751592,0.27398858375505336
-4.348435523751592,0.5046390717268768
-3.3484355237515917,0.7426784334280213
-2.3484355237515917,0.9249158028668337
-1.3484355237515917,1.0
-0.3484355237515917,0.949766361211266
0.6515644762484083,0.7924913482364261
1.6515644762484083,0.5766696633458018
2.6515644762484083,0.361064869811568
3.6515644762484083,0.1926602308424711
4.651564476248408,0.08892015500801949
5.651564476248408,0.04192831576275421
-15.135522282361498,0.008517843675369185
-14.135522282361498,0.009687447761302526
-13.135522282361498,0.011468331364158205
-12.135522282361498,0.012890908282632748
-11.135522282361498,0.009758115306057557
-10.135522282361498,-0.00704604941072749
-9.135522282361498,-0.0260451213187025
-8.135522282361498,-0.02494254146978033
-7.135522282361498,0.023766170061907368
-6.135522282361498,0.14080478105212688
-5.135522282361498,0.33051026521382215
-4.135522282361498,0.5665195504583977
-3.1355222823614977,0.7956185955063788
-2.1355222823614977,0.9550725287868129
-1.1355222823614977,1.0
-0.13552228236149766,0.9213287331917517
0.8644777176385023,0.7437190048713843
1.8644777176385023,0.5217589001700073
2.8644777176385023,0.3158845957894539
3.8644777176385023,0.1674199856159806
4.864477717638502,0.08648688297034045
-14.9811592974414,0.007206290993063994
-13.9811592974414,0.007051760940970789
-12.9811592974414,0.009221763391561876
-11.9811592974414,0.012357853855352784
-10.9811592974414,0.011464265114559708
-9.9811592974414,-0.003625113620960282
-8.9811592974414,-0.01763521530736562
-7.981159297441399,-0.006935916974182352
-6.981159297441399,0.05452724821058367
-5.981159297441399,0.1842827830692319
-4.981159297441399,0.38317329411395784
-3.9811592974413994,0.620799210253383
-2.9811592974413994,0.8399281021336045
-1.9811592974413994,0.9795527572355334
-0.9811592974413994,1.0
0.018840702558600597,0.8995372764027287
1.0188407025586006,0.7083980202006012
2.0188407025586006,0.4859612469674571
3.0188407025586006,0.29297615910214103
4.018840702558601,0.1657010359438938
5.018840702558601,0.10523317162910246
-14.844536416709529,0.012549198858162152
-13.844536416709529,0.007699998836632898
-12.844536416709529,0.006855121241397754
-11.844536416709529,0.00895900424515074
-10.844536416709529,0.012042523284815329
-9.844536416709529,-0.0010968508605599956
-8.844536416709529,-0.007947199150583105
-7.844536416709529,0.01409375772389397
-6.844536416709529,0.08787052469704588
-5.844536416709529,0.2436687492676293
-4.844536416709529,0.4638279546857421
-3.844536416709529,0.701518203507036
-2.844536416709529,0.897127073325507
-1.8445364167095288,1.0
-0.8445364167095288,0.9831352029007288
0.15546358329047116,0.8542217367509032
1.1554635832904712,0.6531098597884304
2.155463583290471,0.4446516103143824
3.155463583290471,0.2804165755322767
4.155463583290471,0.18084048802826866
5.155463583290471,0.14106492130229015
-15.401575361502372,0.000735515923750599
-14.401575361502372,0.0011455265767458143
-13.401575361502372,0.006608599464435011
-12.401575361502372,0.013661788143895013
-11.401575361502372,0.019631667024650735
-10.401575361502372,0.014400363993955195
-9.401575361502372,0.005272122650133461
-8.401575361502372,0.003104242526590719
-7.401575361502372,0.0376014667208032
-6.401575361502372,0.1344279505541944
-5.401575361502372,0.3004018322691584
-4.401575361502372,0.5176007364851859
-3.4015753615023723,0.7445908883057527
-2.4015753615023723,0.9233904106150927
-1.4015753615023723,1.0
-0.4015753615023723,0.9493689638701753
0.5984246384976277,0.789396829649965
1.5984246384976277,0.5739670724818157
2.5984246384976277,0.36562359329402816
3.5984246384976277,0.2142619357917539
4.598424638497628,0.13714202138434844
-14.978883765397702,0.011532789172610702
-13.978883765397702,0.005533929189281845
-12.978883765397702,0.0016567858250794885
-11.978883765397702,-0.0016532731094103168
-10.978883765397702,-0.000988636082500474
-9.978883765397702,-0.007503834320141148
-8.978883765397702,-0.007850914727384944
-7.978883765397702,0.024451970283228333
-6.978883765397702,0.10016081242495006
-5.978883765397702,0.23265439079870526
-4.978883765397702,0.4209586038219507
-3.9788837653977023,0.6388983407659797
-2.9788837653977023,0.8407577585355953
-1.9788837653977023,0.9739098070702368
-0.9788837653977023,1.0
0.021116234602297723,0.9106568544472278
1.0211162346022977,0.7303706517840352
2.0211162346022977,0.5117491774632037
3.0211162346022977,0.31578785280635785
4.021116234602298,0.18256785040333579
5.021116234602298,0.11854011127873752
-14.34939762465458,0.019028226963004772
-13.34939762465458,0.009727507591203055
-12.34939762465458,-0.0006982053556148409
-11.34939762465458,-0.011585672292159238
-10.34939762465458,-0.016013458674176386
-9.34939762465458,-0.026327934243858927
-8.34939762465458,-0.01910127114331739
-7.34939762465458,0.03684382234499032
-6.34939762465458,0.1518963472664164
-5.34939762465458,0.3286442817624209
-4.34939762465458,0.5491758165885781
-3.3493976246545802,0.7703485073445817
-2.3493976246545802,0.9361663385066845
-1.3493976246545802,1.0
-0.34939762465458024,0.9451999321680308
0.6506023753454198,0.7903198537639671
1.6506023753454198,0.5777738844029194
2.6506023753454198,0.36694578138214384
3.6506023753454198,0.20710069714111937
4.65060237534542,0.11817073653709244
-13.741500944091964,0.01971114980572819
-12.741500944091964,0.007179767083603239
-11.741500944091964,-0.008542210365351034
-10.741500944091964,-0.023228192685964804
-9.741500944091964,-0.029548551213112357
-8.741500944091964,-0.04074409505673636
-7.741500944091964,-0.02510183011915486
-6.741500944091964,0.05172397163812907
-5.741500944091964,0.2005254606332955
-4.741500944091964,0.41336760555788066
-3.741500944091964,0.6565723227597887
-2.741500944091964,0.8728671956614881
-1.741500944091964,0.9995646869142624
-0.741500944091964,1.0
0.258499055908036,0.8780114926074174
1.258499055908036,0.6735140798301743
2.258499055908036,0.44099530207216214
3.258499055908036,0.2369479800409652
4.258499055908036,0.09914830465802356
5.258499055908036,0.034667338825906044
