xgaus,ygaus
-20.0,2.9673590509634815e-12
-19.95,3.4136514158623782e-12
-19.9,3.9256117572541224e-12
-19.849999999999998,4.512680878379892e-12
-19.799999999999997,5.185623745584642e-12
-19.749999999999996,5.956710375578853e-12
-19.699999999999996,6.839920740877511e-12
-19.649999999999995,7.851176785907708e-12
-19.599999999999994,9.008605031285813e-12
-19.549999999999994,1.0332833674961127e-11
-19.499999999999993,1.1847328581619492e-11
-19.449999999999992,1.3578773091831935e-11
-19.39999999999999,1.5557497186469143e-11
-19.34999999999999,1.7817962217127294e-11
-19.29999999999999,2.0399308167761214e-11
-19.24999999999999,2.3345971255302675e-11
-19.19999999999999,2.670838061759041e-11
-19.149999999999988,3.0543743886360204e-11
-19.099999999999987,3.4916932613381314e-11
-19.049999999999986,3.990147982238354e-11
-18.999999999999986,4.558070341291126e-11
-18.949999999999985,5.2048970760876823e-11
-18.899999999999984,5.941312166229085e-11
-18.849999999999984,6.779406877113193e-11
-18.799999999999983,7.732859691137019e-11
-18.749999999999982,8.817138512070219e-11
-18.69999999999998,1.0049727803599855e-10
-18.64999999999998,1.1450383628679021e-10
-18.59999999999998,1.3041419895526666e-10
-18.54999999999998,1.4848029492426395e-10
-18.49999999999998,1.6898644410711453e-10
-18.449999999999978,1.9225339417724776e-10
-18.399999999999977,2.1864284353752148e-10
-18.349999999999977,2.4856250694018843e-10
-18.299999999999976,2.824717864439465e-10
-18.249999999999975,3.208881173356674e-10
-18.199999999999974,3.64394066317998e-10
-18.149999999999974,4.136452677430526e-10
-18.099999999999973,4.693792930368291e-10
-18.049999999999972,5.324255587960577e-10
-17.99999999999997,6.037163904440557e-10
-17.94999999999997,6.842993709092401e-10
-17.89999999999997,7.753511176519853e-10
-17.84999999999997,8.781926466369497e-10
-17.79999999999997,9.943064986627736e-10
-17.749999999999968,1.1253558219662484e-09
-17.699999999999967,1.2732056253730264e-09
-17.649999999999967,1.4399464386450408e-09
-17.599999999999966,1.6279206412645305e-09
-17.549999999999965,1.8397517479007506e-09
-17.499999999999964,2.078376968449689e-09
-17.449999999999964,2.3470833930607996e-09
-17.399999999999963,2.649548188228467e-09
-17.349999999999962,2.98988322911286e-09
-17.29999999999996,3.3726846360701236e-09
-17.24999999999996,3.803087730248248e-09
-17.19999999999996,4.286827974397536e-09
-17.14999999999996,4.830308521143131e-09
-17.09999999999996,5.4406750522863615e-09
-17.049999999999958,6.125898659692097e-09
-16.999999999999957,6.894867591467971e-09
-16.949999999999957,7.757488766968665e-09
-16.899999999999956,8.724800051228036e-09
-16.849999999999955,9.809094374339548e-09
-16.799999999999955,1.1024056884720996e-08
-16.749999999999954,1.238491643781177e-08
-16.699999999999953,1.390861284431238e-08
-16.649999999999952,1.5613981435385057e-08
-16.59999999999995,1.7521956647163366e-08
-16.54999999999995,1.965579648438016e-08
-16.49999999999995,2.204132989391348e-08
-16.44999999999995,2.4707229264623185e-08
-16.39999999999995,2.7685310471131874e-08
-16.349999999999948,3.101086309740822e-08
-16.299999999999947,3.472301371240765e-08
-16.249999999999947,3.8865125326007226e-08
-16.199999999999946,4.348523643047058e-08
-16.149999999999945,4.8636543332273155e-08
-16.099999999999945,5.4377929802941355e-08
-16.049999999999944,6.077454842736846e-08
-15.999999999999943,6.789845840572547e-08
-15.949999999999942,7.582932497256578e-08
-15.899999999999942,8.465518603609636e-08
-15.849999999999941,9.44732921140964e-08
-15.79999999999994,1.0539102615290288e-07
-15.74999999999994,1.1752691036477039e-07
-15.699999999999939,1.310117078092888e-07
-15.649999999999938,1.459896270792198e-07
-15.599999999999937,1.6261963913292096e-07
-15.549999999999937,1.8107691604753034e-07
-15.499999999999936,2.0155440225248616e-07
-15.449999999999935,2.2426452964506754e-07
-15.399999999999935,2.4944108889200237e-07
-15.349999999999934,2.773412701874766e-07
-15.299999999999933,3.0824788777187416e-07
-15.249999999999932,3.424718036213878e-07
-15.199999999999932,3.803545669003603e-07
-15.149999999999931,4.222712870302214e-07
-15.09999999999993,4.6863375957572937e-07
-15.04999999999993,5.198938655855937e-07
-14.999999999999929,5.765472665552831e-07
-14.949999999999928,6.391374188099921e-07
-14.899999999999928,7.082599328405566e-07
-14.849999999999927,7.845673049699233e-07
-14.799999999999926,8.68774050688147e-07
-14.749999999999925,9.61662271075391e-07
-14.699999999999925,1.0640876859411578e-06
-14.649999999999924,1.1769861696494433e-06
-14.599999999999923,1.301380828080317e-06
-14.549999999999923,1.4383896578043928e-06
-14.499999999999922,1.5892338313241603e-06
-14.449999999999921,1.7552466551717352e-06
-14.39999999999992,1.937883250752287e-06
-14.34999999999992,2.1387310110933027e-06
-14.299999999999919,2.3595208901076013e-06
-14.249999999999918,2.602139584610033e-06
-14.199999999999918,2.868642673149618e-06
-14.149999999999917,3.161268779737649e-06
-14.099999999999916,3.482454834773505e-06
-14.049999999999915,3.834852509900505e-06
-13.999999999999915,4.221345908169269e-06
-13.949999999999914,4.645070595751929e-06
-13.899999999999913,5.109434066542285e-06
-13.849999999999913,5.618137736300069e-06
-13.799999999999912,6.175200568556133e-06
-13.749999999999911,6.78498444029413e-06
-13.69999999999991,7.452221361467043e-06
-13.64999999999991,8.182042668696375e-06
-13.599999999999909,8.98001032004154e-06
-13.549999999999908,9.852150424517142e-06
-13.499999999999908,1.0804989147079225e-05
-13.449999999999907,1.1845591137098035e-05
-13.399999999999906,1.2981600635880989e-05
-13.349999999999905,1.422128542660905e-05
-13.299999999999905,1.5573583798092847e-05
-13.249999999999904,1.704815470204307e-05
-13.199999999999903,1.8655431292073897e-05
-13.149999999999903,2.0406678041412578e-05
-13.099999999999902,2.2314051645265044e-05
-13.049999999999901,2.439066592297379e-05
-12.9999999999999,2.665066094449071e-05
-12.9499999999999,2.910927661525883e-05
-12.899999999999899,3.178293096333786e-05
-12.849999999999898,3.4689303382498613e-05
-12.799999999999898,3.784742309503188e-05
-12.749999999999897,4.127776310815071e-05
-12.699999999999896,4.500233994806854e-05
-12.649999999999896,4.9044819466108394e-05
-12.599999999999895,5.343062902148211e-05
-12.549999999999894,5.8187076355656346e-05
-12.499999999999893,6.334347548345562e-05
-12.449999999999893,6.893127993619339e-05
-12.399999999999892,7.498422370213569e-05
-12.349999999999891,8.15384702194424e-05
-12.29999999999989,8.863276978633537e-05
-12.24999999999989,9.630862576257782e-05
-12.19999999999989,0.00010461046994534225
-12.149999999999888,0.00011358584751113631
-12.099999999999888,0.00012328561192359559
-12.049999999999887,0.00013376413021454659
-11.999999999999886,0.00014507949905275073
-11.949999999999886,0.00015729377202105665
-11.899999999999885,0.00017047319852825024
-11.849999999999884,0.00018468847478660572
-11.799999999999883,0.00020001500728994138
-11.749999999999883,0.00021653318922972817
-11.699999999999882,0.00023432869028846526
-11.649999999999881,0.0002534927602499504
-11.59999999999988,0.0002741225468651933
-11.54999999999988,0.00029632142841039396
-11.49999999999988,0.00032019936136956244
-11.449999999999878,0.0003458732436688437
-11.399999999999878,0.0003734672938823732
-11.349999999999877,0.0004031134468202996
-11.299999999999876,0.00043495176589851
-11.249999999999876,0.00046913087267629007
-11.199999999999875,0.0005058083939326419
-11.149999999999874,0.0005451514266340946
-11.099999999999874,0.0005873370211264472
-11.049999999999873,0.000632552682859867
-10.999999999999872,0.0006809968929309985
-10.949999999999871,0.0007328796476971126
-10.89999999999987,0.0007884230176856429
-10.84999999999987,0.0008478617259877488
-10.79999999999987,0.000911443746286475
-10.749999999999869,0.0009794309206287632
-10.699999999999868,0.0010520995970057124
-10.649999999999867,0.001129741286757073
-10.599999999999866,0.0012126633417638762
-10.549999999999866,0.0013011896513372484
-10.499999999999865,0.0013956613586516894
-10.449999999999864,0.0014964375965075007
-10.399999999999864,0.0016038962421392917
-10.349999999999863,0.00171843469071582
-10.299999999999862,0.0018404706471005059
-10.249999999999861,0.0019704429353619305
-10.19999999999986,0.002108812325439503
-10.14999999999986,0.002256062376281008
-10.09999999999986,0.002412700294676198
-10.049999999999859,0.0025792578089139295
-9.999999999999858,0.0027562920562894055
-9.949999999999857,0.0029443864833833032
-9.899999999999856,0.003144151757925544
-9.849999999999856,0.0033562266909438823
-9.799999999999855,0.003581279167780848
-9.749999999999854,0.003820007086442491
-9.699999999999854,0.004073139301618891
-9.649999999999853,0.004341436572589471
-9.599999999999852,0.004625692513096364
-9.549999999999851,0.0049267345411364545
-9.49999999999985,0.005245424826487593
-9.44999999999985,0.005582661233647
-9.39999999999985,0.005939378257720748
-9.349999999999849,0.006316547950662378
-9.299999999999848,0.006715180835116688
-9.249999999999847,0.0071363268029821575
-9.199999999999847,0.007581075995662456
-9.149999999999846,0.008050559662834612
-9.099999999999845,0.00854595099641945
-9.049999999999844,0.009068465936298906
-8.999999999999844,0.009619363944185631
-8.949999999999843,0.010199948741913838
-8.899999999999842,0.010811569010285972
-8.849999999999842,0.011455619044480404
-8.79999999999984,0.012133539361898574
-8.74999999999984,0.012846817258209927
-8.69999999999984,0.013596987307237076
-8.649999999999839,0.014385631800215362
-8.599999999999838,0.015214381119858922
-8.549999999999837,0.01608491404457211
-8.499999999999837,0.01699895797805984
-8.449999999999836,0.017958289099515294
-8.399999999999835,0.018964732429498244
-8.349999999999834,0.020020161806563515
-8.299999999999834,0.021126499769656998
-8.249999999999833,0.022285717341267743
-8.199999999999832,0.023499833706309287
-8.149999999999832,0.024770915781701947
-8.099999999999831,0.026101077671642717
-8.04999999999983,0.027492480003578887
-7.9999999999998295,0.028947329139949428
-7.949999999999829,0.030467876260822105
-7.899999999999828,0.03205641631263772
-7.849999999999827,0.03371528681837446
-7.799999999999827,0.0354468665445672
-7.749999999999826,0.0372535740207582
-7.699999999999825,0.03913786590711824
-7.6499999999998245,0.041102235206161644
-7.599999999999824,0.04314920931468368
-7.549999999999823,0.04528134791227809
-7.499999999999822,0.04750124068304209
-7.449999999999822,0.049811504867350066
-7.399999999999821,0.05221478264087458
-7.34999999999982,0.05471373831835181
-7.2999999999998195,0.05731105537993272
-7.249999999999819,0.060009433318327796
-7.199999999999818,0.06281158430534105
-7.149999999999817,0.06572022967680394
-7.099999999999817,0.06873809623535207
-7.049999999999816,0.07186791237094681
-6.999999999999815,0.0751124039995216
-6.9499999999998145,0.07847429032063244
-6.899999999999814,0.0819562793955128
-6.849999999999813,0.085561063547472
-6.799999999999812,0.08929131458713434
-6.749999999999812,0.09314967886559111
-6.699999999999811,0.09713877215913061
-6.64999999999981,0.101261174389816
-6.59999999999981,0.10551942418680121
-6.549999999999809,0.10991601329390877
-6.499999999999808,0.11445338082963345
-6.449999999999807,0.1191339074063877
-6.399999999999807,0.12395990911646301
-6.349999999999806,0.12893363139284258
-6.299999999999805,0.13405724275366696
-6.249999999999805,0.13933282843981964
-6.199999999999804,0.14476238395576374
-6.149999999999803,0.1503478085244223
-6.0999999999998025,0.15609089846754554
-6.049999999999802,0.161993340523658
-5.999999999999801,0.16805670511630763
-5.9499999999998,0.1742824395859616
-5.8999999999998,0.180671861399495
-5.849999999999799,0.18722615135180354
-5.799999999999798,0.19394634677463166
-5.7499999999997975,0.2008333347682467
-5.699999999999797,0.2078878454720962
-5.649999999999796,0.21511044539106816
-5.599999999999795,0.22250153079441828
-5.549999999999795,0.2300613212048397
-5.499999999999794,0.2377898529955241
-5.449999999999793,0.24568697311339324
-5.3999999999997925,0.2537523329469708
-5.349999999999792,0.2619853823576041
-5.299999999999791,0.2703853638929425
-5.24999999999979,0.278951307201721
-5.19999999999979,0.28768202366899026
-5.149999999999789,0.2965761012909698
-5.099999999999788,0.30563189980868233
-5.0499999999997875,0.31484754611944815
-4.999999999999787,0.3242209299851807
-4.949999999999786,0.33374970005622573
-4.899999999999785,0.34343126022922305
-4.849999999999785,0.353262766357148
-4.799999999999784,0.36324112332929553
-4.749999999999783,0.3733629825385211
-4.699999999999783,0.3836247397525287
-4.649999999999782,0.3940225334054119
-4.599999999999781,0.4045522433250088
-4.54999999999978,0.41520948991090995
-4.49999999999978,0.42598963377718335
-4.449999999999779,0.4368877758730387
-4.399999999999778,0.447898758093746
-4.349999999999778,0.45901716439316076
-4.299999999999777,0.4702373224081818
-4.249999999999776,0.48155330560438664
-4.1999999999997755,0.49295893595095464
-4.149999999999775,0.5044477871317944
-4.099999999999774,0.5160131882985588
-4.049999999999773,0.527648228369941
-3.9999999999997726,0.5393457608803157
-3.949999999999772,0.551098409379425
-3.899999999999771,0.5628985733833933
-3.8499999999997705,0.5747384348759278
-3.79999999999977,0.5866099653570849
-3.749999999999769,0.5985049334354979
-3.6999999999997684,0.6104149129584465
-3.6499999999997677,0.6223312916726268
-3.599999999999767,0.6342452804069386
-3.5499999999997662,0.6461479227670753
-3.4999999999997655,0.6580301053301503
-3.449999999999765,0.6698825683260626
-3.399999999999764,0.6816959167907831
-3.3499999999997634,0.6934606321752227
-3.2999999999997627,0.7051670843918639
-3.249999999999762,0.7168055442798716
-3.1999999999997613,0.7283661964679664
-3.1499999999997605,0.7398391526129525
-3.09999999999976,0.7512144649904443
-3.049999999999759,0.7624821404130245
-2.9999999999997584,0.7736321544498257
-2.9499999999997577,0.7846544659203292
-2.899999999999757,0.7955390316340472
-2.8499999999997563,0.8062758213466945
-2.7999999999997556,0.8168548329024642
-2.749999999999755,0.827266107531108
-2.699999999999754,0.8374997452676949
-2.6499999999997534,0.847545920462168
-2.5999999999997527,0.8573948973451637
-2.549999999999752,0.8670370456159877
-2.4999999999997513,0.8764628560181716
-2.4499999999997506,0.885662955867655
-2.39999999999975,0.8946281244983629
-2.349999999999749,0.9033493085897777
-2.2999999999997485,0.9118176373410266
-2.2499999999997478,0.9200244374560473
-2.199999999999747,0.9279612479045313
-2.1499999999997463,0.9356198344235903
-2.0999999999997456,0.9429922037254455
-2.049999999999745,0.9500706173768994
-1.9999999999997442,0.956847605316914
-1.9499999999997435,0.9633159789792913
-1.8999999999997428,0.9694688439882232
-1.849999999999742,0.9752996123953561
-1.7999999999997414,0.9808020144279881
-1.7499999999997407,0.9859701097190904
-1.69999999999974,0.9907982979910069
-1.6499999999997392,0.995281329165947
-1.5999999999997385,0.9994143128777253
-1.5499999999997378,1.0031927273606316
-1.499999999999737,1.0066124276928154
-1.4499999999997364,1.0096696533731544
-1.3999999999997357,1.0123610352122145
-1.349999999999735,1.0146836015196317
-1.2999999999997343,1.016634783572006
-1.2499999999997335,1.018212420347226
-1.1999999999997328,1.0194147625130094
-1.1499999999997321,1.0202404756593544
-1.0999999999997314,1.0206886427665414
-1.0499999999997307,1.0207587659022945
-0.99999999999973,1.0204507671437073
-0.9499999999997293,1.0197649887215419
-0.8999999999997286,1.0187021923865271
-0.8499999999997279,1.0172635579993021
-0.7999999999997272,1.0154506813476527
-0.7499999999997264,1.0132655711966994
-0.6999999999997257,1.0107106455796655
-0.649999999999725,1.0077887273388153
-0.5999999999997243,1.0045030389280734
-0.5499999999997236,1.0008571964907165
-0.4999999999997229,0.9968552032273794
-0.4499999999997222,0.9925014420713952
-0.39999999999972147,0.9878006676902318
-0.34999999999972076,0.9827579978334562
-0.29999999999972005,0.9773789040492613
-0.24999999999971934,0.971669201793125
-0.19999999999971863,0.9656350399536273
-0.14999999999971791,0.9592828898218235
-0.0999999999997172,0.9526195335318616
-0.04999999999971649,0.945652052001734
2.8421709430404007e-13,0.9383878124041558
0.05000000000028493,0.9308344551985779
0.10000000000028564,0.9229998807562508
0.15000000000028635,0.9148922356110738
0.20000000000028706,0.9065198983696622
0.25000000000028777,0.8978914653146822
0.3000000000002885,0.889015735735992
0.3500000000002892,0.8799016970245255
0.4000000000002899,0.8705585095641393
0.4500000000002906,0.8609954914568252
0.5000000000002913,0.8512221031167607
0.550000000000292,0.8412479317686402
0.6000000000002927,0.8310826758855939
0.6500000000002935,0.820736129601761
0.7000000000002942,0.810218167134248
0.7500000000002949,0.7995387272487607
0.8000000000002956,0.7887077978026699
0.8500000000002963,0.7777354003986436
0.900000000000297,0.7666315751812618
0.9500000000002977,0.7554063658082301
1.0000000000002984,0.7440698046269251
1.0500000000002991,0.7326318980860416
1.1000000000002998,0.7211026124110773
1.1500000000003006,0.7094918595712881
1.2000000000003013,0.6978094835645704
1.250000000000302,0.6860652470455073
1.3000000000003027,0.6742688183205251
1.3500000000003034,0.6624297587327737
1.4000000000003041,0.6505575104579684
1.4500000000003048,0.6386613847310113
1.5000000000003055,0.6267505505217603
1.5500000000003062,0.614834023676833
1.600000000000307,0.6029206565428314
1.6500000000003077,0.5910191280848512
1.7000000000003084,0.5791379345126099
1.750000000000309,0.5672853804249816
1.8000000000003098,0.5554695704821944
1.8500000000003105,0.543698401613398
1.9000000000003112,0.5319795557657858
1.950000000000312,0.5203204931999368
2.0000000000003126,0.5087284463345426
2.0500000000003133,0.4972104141422098
2.100000000000314,0.4857731570965781
2.1500000000003148,0.47442319266957556
2.2000000000003155,0.46316679137624905
2.250000000000316,0.45200997336326326
2.300000000000317,0.44095850553585936
2.3500000000003176,0.4300178992168083
2.4000000000003183,0.4191934083296839
2.450000000000319,0.4084900280976276
2.5000000000003197,0.397912494247671
2.5500000000003205,0.3874652827096394
2.600000000000321,0.3771526097976703
2.650000000000322,0.36697843286145376
2.7000000000003226,0.35694645139343767
2.7500000000003233,0.34706010857743536
2.800000000000324,0.33732259326333625
2.8500000000003247,0.32773684235194783
2.9000000000003254,0.3183055435733832
2.950000000000326,0.30903113864187026
3.000000000000327,0.2999158267693762
3.0500000000003276,0.29096156852003113
3.1000000000003283,0.28217008998698095
3.150000000000329,0.2735428872730202
3.2000000000003297,0.26508123125612787
3.2500000000003304,0.2567861726208734
3.300000000000331,0.24865854713655505
3.350000000000332,0.2406989811628969
3.4000000000003325,0.23290789736414078
3.4500000000003332,0.22528552061244642
3.500000000000334,0.2178318840616323
3.5500000000003347,0.2105468353724706
3.6000000000003354,0.2034300430709709
3.650000000000336,0.1964810030213607
3.700000000000337,0.18969904499578696
3.7500000000003375,0.18308333932311957
3.800000000000338,0.1766329035996356
3.850000000000339,0.1703466094447972
3.9000000000003396,0.1642231892858013
3.9500000000003403,0.15826124315508117
4.000000000000341,0.15245924548546402
4.050000000000342,0.1468155518882442
4.1000000000003425,0.14132840590000506
4.150000000000343,0.1359959456846217
4.200000000000344,0.13081621067748717
4.250000000000345,0.1257871481596367
4.300000000000345,0.12090661975008364
4.350000000000346,0.11617240780533167
4.400000000000347,0.11158222171568753
4.4500000000003475,0.1071337040886601
4.500000000000348,0.10282443681039692
4.550000000000349,0.09865194697677673
4.60000000000035,0.09461371268643828
4.65000000000035,0.09070716868868697
4.700000000000351,0.0869297118798734
4.750000000000352,0.08327870664248439
4.800000000000352,0.07975149002182307
4.850000000000353,0.07634537673577806
4.900000000000354,0.07305766401379572
4.950000000000355,0.06988563626176413
5.000000000000355,0.06682656955010047
5.050000000000356,0.06387773592289878
5.100000000000357,0.06103640752653847
5.150000000000357,0.05829986055668521
5.200000000000358,0.05566537902311978
5.250000000000359,0.053130258332319644
5.3000000000003595,0.05069180868818137
5.35000000000036,0.048347358311716285
5.400000000000361,0.04609425648097225
5.450000000000362,0.04392987639283248
5.500000000000362,0.04185161784871685
5.550000000000363,0.03985690976656393
5.600000000000364,0.03794321252179929
5.6500000000003645,0.03610802012030165
5.700000000000365,0.03434886220666036
5.750000000000366,0.03266330591127678
5.800000000000367,0.031048957540098367
5.850000000000367,0.029503464110988906
5.900000000000368,0.028024514740929655
5.950000000000369,0.02660984188841735
6.0000000000003695,0.025257222455573887
6.05000000000037,0.02396447875461199
6.100000000000371,0.022729479343410127
6.150000000000372,0.02155013973503959
6.200000000000372,0.0204244229861585
6.250000000000373,0.01935034016924048
6.300000000000374,0.018325950733642668
6.3500000000003745,0.017349362760537314
6.400000000000375,0.016418733116736348
6.450000000000376,0.015532267512427428
6.500000000000377,0.014688220467816685
6.550000000000377,0.013884895193635338
6.600000000000378,0.013120643390418348
6.650000000000379,0.012393864971402156
6.700000000000379,0.011703007713816894
6.75000000000038,0.011046566843266874
6.800000000000381,0.010423084555802849
6.850000000000382,0.009831149482190661
6.900000000000382,0.009269396098774613
6.950000000000383,0.008736504089221121
7.000000000000384,0.008231197661309178
7.050000000000384,0.007752244822810169
7.100000000000385,0.007298456620370718
7.150000000000386,0.00686868634517999
7.2000000000003865,0.006461828709066783
7.250000000000387,0.006076818994533847
7.300000000000388,0.005712632182096099
7.350000000000389,0.005368282058148128
7.400000000000389,0.0050428203064433064
7.45000000000039,0.004735335586124373
7.500000000000391,0.004444952599101993
7.5500000000003915,0.0041708311494359895
7.600000000000392,0.003912165197232308
7.650000000000393,0.0036681819094292072
7.700000000000394,0.0034381407097077727
7.750000000000394,0.0032213323296261115
7.800000000000395,0.0030170778629427623
7.850000000000396,0.0028247278249641265
7.9000000000003965,0.002643661218622631
7.950000000000397,0.002473284608867577
8.000000000000398,0.0023130312068293107
8.050000000000399,0.002162359965099284
8.1000000000004,0.0020207546853546446
8.1500000000004,0.0018877231394454862
8.2000000000004,0.001762796204956603
8.250000000000401,0.0016455270161532267
8.300000000000402,0.0015354901311219289
8.350000000000403,0.0014322807158238147
8.400000000000404,0.001335513745687149
8.450000000000404,0.001244823225280817
8.500000000000405,0.001159861426528475
8.550000000000406,0.001080298145845808
8.600000000000406,0.0010058199805100573
8.650000000000407,0.0009361296245018056
8.700000000000408,0.0008709451839938505
8.750000000000409,0.0008099995126008447
8.80000000000041,0.0007530395664460364
8.85000000000041,0.0006998257790480552
8.90000000000041,0.0006501314559808262
8.950000000000411,0.0006037421892136285
9.000000000000412,0.0005604552909956208
9.050000000000413,0.000520079247109941
9.100000000000414,0.0004824331892865416
9.150000000000414,0.00044734638653010436
9.200000000000415,0.0004146577550896747
9.250000000000416,0.0003842153867698114
9.300000000000416,0.00035587609525903095
9.350000000000417,0.000329504980129986
9.400000000000418,0.0003049750081470011
9.450000000000419,0.0002821666115002183
9.50000000000042,0.00026096730257149273
9.55000000000042,0.0002412713048252842
9.60000000000042,0.00022297919940789823
9.650000000000421,0.0002059975870304832
9.700000000000422,0.0001902387647050579
9.750000000000423,0.00017562041689838786
9.800000000000423,0.00016206532066564706
9.850000000000424,0.0001495010643244118
9.900000000000425,0.00013785977922946646
9.950000000000426,0.0001270778842101218
10.000000000000426,0.0001170958422340997
10.050000000000427,0.00010785792886545549
10.100000000000428,9.931201208840325e-05
10.150000000000428,9.140934307415438e-05
10.20000000000043,8.410435747393639e-05
10.25000000000043,7.735448682811618e-05
10.30000000000043,7.111997968873212e-05
10.350000000000431,6.536373206069644e-05
10.400000000000432,6.0051126775345116e-05
10.450000000000433,5.514988141888404e-05
10.500000000000433,5.0629904447474576e-05
10.550000000000434,4.646315913022828e-05
10.600000000000435,4.262353497113236e-05
10.650000000000436,3.9086726270881886e-05
10.700000000000436,3.5830117499698e-05
10.750000000000437,3.2832675162409745e-05
10.800000000000438,3.0074845847347846e-05
10.850000000000438,2.7538460160881343e-05
10.90000000000044,2.52066422597095e-05
10.95000000000044,2.3063724703254434e-05
11.00000000000044,2.1095168358661743e-05
11.050000000000441,1.9287487100982074e-05
11.100000000000442,1.7628177061046666e-05
11.150000000000443,1.61056501833498e-05
11.200000000000443,1.470917186588698e-05
11.250000000000444,1.3428802463352477e-05
11.300000000000445,1.2255342444364847e-05
11.350000000000446,1.1180281002443106e-05
11.400000000000446,1.0195747929294073e-05
11.450000000000447,9.294468567582903e-06
11.500000000000448,8.46972166873435e-06
11.550000000000448,7.715299989447203e-06
11.600000000000449,7.025473468495141e-06
11.65000000000045,6.3949548330262425e-06
11.70000000000045,5.818867490964602e-06
11.750000000000451,5.292715573252812e-06
11.800000000000452,4.812355996559296e-06
11.850000000000453,4.373972423706575e-06
11.900000000000453,3.97405100545845e-06
11.950000000000454,3.609357793438053e-06
12.000000000000455,3.276917719837639e-06
12.050000000000452,2.9739950452283156e-06
12.100000000000456,2.6980751811873265e-06
12.15000000000046,2.4468477996384658e-06
12.200000000000458,2.2181911457487498e-06
12.250000000000455,2.0101574759523054e-06
12.300000000000459,1.8209595471811138e-06
12.350000000000463,1.6489580876805343e-06
12.40000000000046,1.4926501838805436e-06
12.450000000000458,1.3506585216880813e-06
12.500000000000462,1.221721424267423e-06
12.550000000000466,1.1046836318906812e-06
12.600000000000463,9.984877727763239e-07
12.65000000000046,9.021664769962035e-07
12.700000000000465,8.148350885272241e-07
12.750000000000469,7.356849333590063e-07
12.800000000000466,6.639771042504571e-07
12.850000000000463,5.990367252620908e-07
12.900000000000468,5.402476615833688e-07
12.950000000000472,4.870476424315366e-07
13.000000000000469,4.3892376692640853e-07
13.050000000000466,3.9540836485032225e-07
13.10000000000047,3.560751860894151e-07
13.150000000000475,3.205358943273116e-07
13.200000000000472,2.8843684223072033e-07
13.250000000000469,2.594561069334464e-07
13.300000000000473,2.3330076609615325e-07
13.350000000000477,2.097043961985943e-07
13.400000000000475,1.8842477601403158e-07
13.450000000000472,1.6924177942654842e-07
13.500000000000476,1.5195544288540656e-07
13.55000000000048,1.3638419385074448e-07
13.600000000000477,1.223632275758563e-07
13.650000000000475,1.0974302049693958e-07
13.700000000000479,9.83879693652348e-08
13.750000000000483,8.817514606249877e-08
13.80000000000048,7.899315879217777e-08
13.850000000000477,7.074111103873773e-08
13.900000000000482,6.332765033939619e-08
13.950000000000486,5.667009951898348e-08
14.000000000000483,5.069366360262114e-08
14.05000000000048,4.533070614500367e-08
14.100000000000485,4.0520089201806976e-08
14.150000000000489,3.6206571620508445e-08
14.200000000000486,3.2340260746964085e-08
14.250000000000483,2.887611303257651e-08
14.300000000000487,2.5773479386794382e-08
14.350000000000492,2.2995691452937035e-08
14.400000000000489,2.0509685293714328e-08
14.450000000000486,1.8285659258013826e-08
14.50000000000049,1.6296763064124594e-08
14.550000000000495,1.451881537806037e-08
14.600000000000492,1.2930047390443487e-08
14.650000000000489,1.1510870102825152e-08
14.700000000000493,1.0243663225579802e-08
14.750000000000497,9.112583765781219e-09
14.800000000000495,8.103392545829074e-09
14.850000000000492,7.203297043060617e-09
14.900000000000496,6.400809078097685e-09
14.9500000000005,5.685616006128306e-09
15.000000000000497,5.0484641815338685e-09
15.050000000000495,4.481053573016351e-09
15.100000000000499,3.975942504370581e-09
15.150000000000503,3.5264615859524503e-09
15.2000000000005,3.1266359843403053e-09
15.250000000000497,2.77111525324972e-09
15.300000000000502,2.4551100179768497e-09
15.350000000000506,2.174334869014089e-09
15.400000000000503,1.924956878465668e-09
15.4500000000005,1.7035492059199283e-09
15.500000000000504,1.5070493089054226e-09
15.550000000000509,1.3327213173395167e-09
15.600000000000506,1.178122171810589e-09
15.650000000000503,1.0410711624345704e-09
15.700000000000507,9.196225386828246e-10
15.750000000000512,8.120408912613548e-10
15.800000000000509,7.167790350790583e-10
15.850000000000506,6.324581478039478e-10
15.90000000000051,5.578499416817531e-10
15.950000000000514,4.918606673754791e-10
16.00000000000051,4.3351676775644077e-10
16.05000000000051,3.819520170012718e-10
16.100000000000513,3.3639599617687793e-10
16.150000000000517,2.961637708649806e-10
16.200000000000514,2.606466494178054e-10
16.25000000000051,2.2930391226346678e-10
16.300000000000516,2.016554134011316e-10
16.35000000000052,1.772749649405225e-10
16.400000000000517,1.5578442433806148e-10
16.450000000000514,1.3684841194536602e-10
16.50000000000052,1.201695936905237e-10
16.550000000000523,1.0548447022747972e-10
16.60000000000052,9.255961977729204e-11
16.650000000000517,8.118834720448362e-11
16.70000000000052,7.118769667478003e-11
16.750000000000526,6.239578957528444e-11
16.800000000000523,5.4669453288271046e-11
16.85000000000052,4.7882109935223225e-11
16.900000000000524,4.1921897384708654e-11
16.95000000000053,3.668999767930166e-11
17.000000000000526,3.20991506130316e-11
17.050000000000523,2.8072332509148374e-11
17.100000000000527,2.4541582333099505e-11
17.15000000000053,2.1446959150118366e-11
17.20000000000053,1.8735616621169608e-11
17.250000000000526,1.6360981743763974e-11
17.30000000000053,1.428202640214901e-11
17.350000000000534,1.2462621509874468e-11
17.40000000000053,1.0870964620523722e-11
17.45000000000053,9.479072862005887e-12
17.500000000000533,8.262333927509595e-12
17.550000000000537,7.199108642269973e-12
17.600000000000534,6.270379328923732e-12
17.65000000000053,5.459438823782433e-12
17.700000000000536,4.7516155593573944e-12
17.75000000000054,4.134030631732902e-12
17.800000000000537,3.5953832210287622e-12
17.850000000000534,3.125761134748261e-12
17.90000000000054,2.7164736022449654e-12
17.950000000000543,2.3599037683434723e-12
18.00000000000054,2.049378619348732e-12
18.050000000000537,1.7790543289004826e-12
18.10000000000054,1.5438152376328914e-12
18.150000000000546,1.3391848823138629e-12
18.200000000000543,1.1612476696943258e-12
18.25000000000054,1.0065799500555299e-12
18.300000000000544,8.721893875182665e-13
18.35000000000055,7.554616504724953e-13
18.400000000000546,6.541135576995089e-13
18.450000000000543,5.661519154166207e-13
18.500000000000547,4.898373689399937e-13
18.55000000000055,4.2365267115618464e-13
18.60000000000055,3.6627483960929565e-13
18.650000000000546,3.165507357245279e-13
18.70000000000055,2.7347565437232644e-13
18.750000000000554,2.361745604092781e-13
18.80000000000055,2.038856517077942e-13
18.85000000000055,1.759459661265884e-13
18.900000000000553,1.5177878343089245e-13
18.950000000000557,1.3088260283847502e-13
19.000000000000554,1.1282150308372675e-13
19.05000000000055,9.721671504854863e-14
19.100000000000556,8.373925745320398e-14
19.15000000000056,7.210350414238436e-14
19.200000000000557,6.206156741658507e-14
19.250000000000554,5.339839589104875e-14
19.30000000000056,4.5927497731153643e-14
19.350000000000563,3.948721100707427e-14
19.40000000000056,3.393745250289839e-14
19.450000000000557,2.915688475791893e-14
19.50000000000056,2.5040448545036414e-14
19.550000000000566,2.1497214522315833e-14
19.600000000000563,1.844851353432012e-14
19.65000000000056,1.5826310083350096e-14
19.700000000000564,1.3571787919818916e-14
19.75000000000057,1.1634120588825163e-14
19.800000000000566,9.969403181198063e-15
19.850000000000563,8.539724528992249e-15
19.900000000000567,7.312361708025035e-15
19.95000000000057,6.2590810081152265e-15
